CustomerID,CustomerName
17850,Liam
13047,Olivia
12583,Noah
13748,Emma
15100,Ava
15291,Sophia
14688,Isabella
17809,Mia
15311,Charlotte
16098,Amelia
18074,Harper
17420,Evelyn
16029,Abigail
16250,Emily
12431,Elizabeth
17511,Sofia
13705,Avery
13747,Ella
13408,Scarlett
13767,Grace
17924,Chloe
13448,Victoria
15862,Riley
15513,Aria
12791,Lily
16218,Aubrey
14045,Zoey
14307,Penelope
17908,Layla
17920,Lillian
12838,Addison
13255,Natalie
16583,Camila
18085,Hannah
13758,Leah
13694,Lucy
15983,Audrey
14849,Bella
17968,Nora
16210,Skylar
17897,Paisley
17377,Savannah
16552,Brooklyn
17181,Zoe
17951,Eleanor
14729,Stella
12748,Claire
15012,Hazel
12868,Ellie
17572,Aurora
14078,Naomi
14001,Violet
12662,Nova
15525,Emilia
14237,Everly
17905,Anna
15485,Caroline
12433,Luna
16955,Willow
15350,Aurelia
15605,Riley
18144,Nora
15922,Aurora
14594,Esme
15165,Jade
14911,Ruby
16456,Isla
17346,Maya
17643,Valentina
17841,Lucy
17873,Alice
13093,Quinn
12921,Harper
13468,Adeline
17760,Peyton
16928,Katherine
16048,Eliana
16274,Elizabeth
14496,Cora
14696,Elise
16539,Aubree
17025,Eliana
13777,Eliza
17690,Liliana
12947,Zoey
17460,Penelope
18229,Madeline
14142,Stella
17069,Scarlett
13065,Vivian
14606,Hazel
16835,Aria
15235,Aurora
13576,Lucy
18011,Grace
13090,Savannah
15694,Victoria
14741,Samantha
13715,Hannah
17732,Chloe
12855,Zoe
15752,Penelope
17855,Ellie
14047,Violet
17925,Aurora
13941,Savannah
17017,Hazel
14135,Skylar
13108,Addison
15601,Mackenzie
13418,Lily
15658,Kennedy
14388,Peyton
14901,Nova
18041,Eva
15955,Aubree
15070,Autumn
16244,Naomi
15111,Emilia
14390,Jasmine
16546,Elizabeth
15260,Aurora
13305,Ivy
14491,Hannah
14060,Nora
15923,Brooklyn
16752,Scarlett
17287,Leah
15363,Natalie
12915,Grace
15544,Skylar
15738,Lily
17381,Aria
15827,Zara
14180,Violet
13117,Kennedy
16916,Hazel
17964,Eleanor
14466,Ellie
17235,Skylar
16510,Addison
17802,Stella
15107,Paisley
17976,Savannah
14449,Naomi
16781,Eliana
13491,Nora
16186,Scarlett
17685,Isla
17581,Mia
15732,Riley
13138,Luna
15823,Zoe
17567,Ivy
15061,Aurora
16203,Eliana
15640,Hazel
15574,Violet
16770,Nora
17838,Emilia
17228,Scarlett
14829,Addison
17412,Lily
14031,Kennedy
14775,Elizabeth
12971,Aurora
17659,Savannah
15299,Mia
15646,Ellie
13402,Hazel
17757,Violet
13011,Skylar
13798,Luna
16754,Stella
16634,Emilia
18239,Zara
14576,Lily
13145,Naomi
18168,Aurora
14395,Scarlett
14865,Penelope
15093,Hazel
12738,Ellie
16150,Savannah
17552,Addison
14236,Mia
17961,Kennedy
14573,Stella
17135,Nora
17396,Violet
12967,Luna
12686,Aurora
13370,Skylar
16883,Emilia
13520,Zara
12841,Lily
16905,Scarlett
12427,Hazel
17967,Penelope
16891,Mia
14589,Ellie
14156,Violet
14680,Hazel
17884,Addison
12557,Skylar
14083,Lily
13013,Kennedy
14210,Emilia
16477,Nora
12600,Luna
16013,Aurora
17949,Scarlett
12779,Zara
16926,Stella
17787,Penelope
12682,Mia
14723,Hazel
17954,Ellie
17819,Violet
12712,Skylar
15373,Addison
16140,Luna
17198,Kennedy
17238,Emilia
12793,Scarlett
15769,Lily
14396,Nora
14898,Aurora
12725,Zara
16725,Stella
12395,Penelope
16455,Hazel
13081,Mia
15545,Ellie
17243,Violet
15465,Skylar
13089,Luna
16033,Kennedy
13838,Addison
18055,Emilia
15038,Scarlett
18109,Nora
13069,Lily
16241,Aurora
14800,Zara
15708,Stella
16839,Penelope
16168,Mia
16931,Hazel
16814,Ellie
15351,Violet
13269,Skylar
14813,Luna
12567,Kennedy
17062,Emilia
15332,Scarlett
14810,Addison
16353,Nora
18118,Lily
13831,Aurora
13506,Zara
17796,Penelope
15716,Mia
18156,Hazel
16983,Ellie
17059,Violet
16327,Skylar
17211,Luna
17026,Kennedy
15570,Emilia
15880,Scarlett
16718,Addison
15808,Nora
17858,Lily
16393,Aurora
14527,Zara
14161,Mia
17863,Penelope
16411,Hazel
16402,Ellie
15023,Violet
17402,Skylar
15426,Luna
12647,Kennedy
15894,Emilia
15867,Scarlett
12472,Addison
14506,Nora
15555,Lily
13034,Aurora
15889,Zara
15953,Mia
16143,Penelope
12720,Hazel
16422,Ellie
12747,Violet
15502,Skylar
12763,Luna
14081,Kennedy
17965,Emilia
14404,Scarlett
13579,Addison
13174,Nora
15987,Lily
17677,Aurora
13652,Zara
17428,Mia
16858,Penelope
16161,Hazel
18219,Ellie
14293,Violet
14748,Skylar
16638,Luna
17674,Kennedy
12808,Emilia
13094,Scarlett
15899,Addison
12708,Nora
15898,Lily
14443,Aurora
17691,Zara
17227,Mia
15039,Penelope
15919,Hazel
13497,Ellie
15860,Violet
14189,Skylar
15304,Luna
14344,Kennedy
16719,Emilia
15048,Scarlett
15301,Addison
14708,Nora
16898,Lily
14825,Aurora
18113,Zara
17596,Mia
15078,Penelope
14085,Hazel
17860,Ellie
13155,Violet
15028,Skylar
16919,Luna
17259,Kennedy
17019,Emilia
16722,Scarlett
15882,Addison
14667,Nora
16710,Lily
15984,Aurora
14487,Zara
17682,Mia
16658,Penelope
16550,Hazel
17068,Ellie
15356,Violet
17223,Skylar
16817,Luna
13030,Kennedy
17191,Emilia
15194,Scarlett
14409,Addison
16654,Nora
13495,Lily
17519,Aurora
17218,Zara
17812,Mia
14215,Penelope
15602,Hazel
17320,Ellie
12913,Violet
17869,Skylar
13564,Luna
13963,Kennedy
17450,Emilia
17091,Scarlett
17470,Addison
17616,Nora
15649,Lily
12681,Aurora
14907,Zara
17735,Mia
16059,Penelope
17720,Hazel
15018,Ellie
15838,Violet
14733,Skylar
13756,Luna
14176,Kennedy
15353,Emilia
18119,Scarlett
17491,Addison
14282,Nora
13569,Lily
14673,Aurora
13488,Zara
16221,Mia
15002,Penelope
15965,Hazel
15024,Ellie
17675,Violet
13769,Skylar
16904,Luna
16086,Kennedy
13786,Emilia
13880,Scarlett
13173,Addison
15858,Nora
15180,Lily
12347,Aurora
14739,Zara
16293,Mia
17419,Penelope
16775,Hazel
16306,Ellie
16950,Violet
17591,Skylar
12839,Luna
13807,Kennedy
16125,Emilia
15081,Scarlett
18102,Addison
16365,Nora
17870,Lily
14821,Aurora
16863,Zara
13078,Mia
13267,Penelope
13050,Hazel
12709,Ellie
15628,Violet
12386,Skylar
16779,Luna
13599,Kennedy
13329,Emilia
18077,Scarlett
14744,Addison
17406,Nora
15750,Lily
13983,Aurora
13842,Zara
14796,Mia
12441,Penelope
13199,Hazel
14032,Ellie
17706,Violet
16081,Skylar
16525,Luna
17975,Kennedy
16122,Emilia
13126,Scarlett
15973,Addison
16558,Nora
16893,Lily
15021,Aurora
15529,Zara
15498,Mia
18043,Penelope
16016,Hazel
17722,Ellie
17324,Violet
17341,Skylar
14051,Luna
16233,Kennedy
16385,Emilia
15032,Scarlett
16713,Addison
17213,Nora
18061,Lily
15916,Aurora
15221,Zara
13455,Mia
13113,Penelope
14217,Hazel
17262,Ellie
18259,Violet
17676,Skylar
16679,Luna
18269,Kennedy
12766,Emilia
15298,Scarlett
13523,Addison
15005,Nora
15581,Lily
15680,Aurora
13649,Zara
17894,Mia
13270,Penelope
14866,Hazel
13077,Ellie
13531,Violet
13848,Skylar
13140,Luna
15713,Kennedy
17999,Emilia
15347,Scarlett
14766,Addison
17340,Nora
13984,Lily
15996,Aurora
14030,Zara
16596,Mia
16700,Penelope
16011,Hazel
17655,Ellie
16717,Violet
14243,Skylar
12963,Luna
15079,Kennedy
14437,Emilia
12942,Scarlett
15660,Addison
18092,Nora
15358,Lily
13319,Aurora
12481,Zara
12621,Mia
14299,Penelope
18071,Hazel
12683,Ellie
12755,Violet
13854,Skylar
12797,Luna
16782,Kennedy
13369,Emilia
12494,Scarlett
17857,Addison
14932,Nora
12429,Lily
14987,Aurora
14355,Zara
17526,Mia
14896,Penelope
14440,Hazel
13240,Ellie
14479,Violet
16065,Skylar
17430,Luna
16520,Kennedy
15945,Emilia
15856,Scarlett
13102,Addison
15271,Nora
13982,Lily
15288,Aurora
17978,Zara
16795,Mia
16519,Penelope
17816,Hazel
16255,Ellie
17671,Violet
17646,Skylar
12872,Luna
17339,Kennedy
17097,Emilia
15192,Scarlett
15380,Addison
17950,Nora
12826,Lily
17456,Aurora
15811,Zara
13327,Mia
18225,Penelope
15211,Hazel
15596,Ellie
16163,Violet
16907,Skylar
17576,Luna
14713,Kennedy
14702,Emilia
13230,Scarlett
13969,Addison
17530,Nora
15805,Lily
12471,Aurora
17696,Zara
17076,Mia
17827,Penelope
16265,Hazel
17880,Ellie
13000,Violet
16499,Skylar
17790,Luna
12731,Kennedy
14419,Emilia
14082,Scarlett
17912,Addison
15723,Nora
16656,Lily
14037,Aurora
14256,Zara
14543,Mia
16062,Penelope
18116,Hazel
16019,Ellie
18178,Violet
18065,Skylar
14952,Luna
13148,Kennedy
12989,Emilia
14107,Scarlett
15881,Addison
12785,Nora
16727,Lily
15514,Aurora
13787,Zara
17865,Mia
17220,Penelope
16565,Hazel
16873,Ellie
14062,Violet
18016,Skylar
14448,Luna
15503,Kennedy
17251,Emilia
16923,Scarlett
14159,Addison
14577,Nora
17126,Lily
12753,Aurora
17236,Zara
17372,Mia
16367,Penelope
12875,Hazel
17917,Ellie
16010,Violet
17085,Skylar
15224,Luna
13668,Kennedy
14684,Emilia
17188,Scarlett
15547,Addison
15998,Nora
14413,Lily
18004,Aurora
13959,Zara
16665,Mia
15454,Penelope
15044,Hazel
17937,Ellie
14608,Violet
17618,Skylar
14505,Luna
18037,Kennedy
13198,Emilia
12540,Scarlett
13225,Addison
15361,Nora
15689,Lily
14290,Aurora
13209,Zara
13999,Mia
14498,Penelope
15854,Hazel
16701,Ellie
16927,Violet
17990,Skylar
14544,Luna
17338,Kennedy
17799,Emilia
14565,Scarlett
16726,Addison
17303,Nora
14639,Lily
17611,Aurora
17231,Zara
17179,Mia
17524,Penelope
12476,Hazel
17293,Ellie
17890,Violet
17375,Skylar
17371,Luna
17969,Kennedy
14625,Emilia
15159,Scarlett
13211,Addison
15777,Nora
14525,Lily
13324,Aurora
13948,Zara
16202,Mia
16442,Penelope
18075,Hazel
14524,Ellie
14961,Violet
17041,Skylar
16458,Luna
16083,Kennedy
17194,Emilia
14057,Scarlett
14871,Addison
13178,Nora
18044,Lily
16812,Aurora
16191,Zara
12370,Mia
14298,Penelope
17158,Hazel
16899,Ellie
16531,Violet
17404,Skylar
14415,Luna
16556,Kennedy
16805,Emilia
16503,Scarlett
16553,Addison
17739,Nora
13238,Lily
12829,Aurora
13097,Zara
15392,Mia
13846,Penelope
12867,Hazel
14401,Ellie
16145,Violet
17629,Skylar
14150,Luna
13496,Kennedy
13611,Emilia
16954,Scarlett
17454,Addison
17449,Nora
13295,Lily
17230,Aurora
15384,Zara
15950,Mia
15512,Penelope
17525,Hazel
13458,Ellie
16003,Violet
13092,Skylar
13426,Luna
15101,Kennedy
17033,Emilia
13221,Scarlett
14201,Addison
17692,Nora
15822,Lily
16134,Aurora
17551,Zara
18050,Mia
14913,Penelope
15641,Hazel
13124,Ellie
17214,Violet
15456,Skylar
15062,Luna
12928,Kennedy
15727,Emilia
17980,Scarlett
15290,Addison
17752,Nora
15615,Lily
12577,Aurora
17189,Zara
17496,Mia
16607,Penelope
13317,Hazel
13890,Ellie
17001,Violet
15246,Skylar
15482,Luna
13021,Kennedy
16037,Emilia
14841,Scarlett
16670,Addison
16985,Nora
16705,Lily
14414,Aurora
15563,Zara
12980,Mia
16746,Penelope
16470,Hazel
14878,Ellie
16743,Violet
17146,Skylar
12877,Luna
15394,Kennedy
14621,Emilia
15379,Scarlett
14309,Addison
17288,Nora
14709,Lily
15157,Aurora
17744,Zara
16316,Mia
15620,Penelope
15789,Hazel
16560,Ellie
13534,Violet
17580,Skylar
15759,Luna
14373,Kennedy
18176,Emilia
14092,Scarlett
15366,Addison
14735,Nora
16271,Lily
18223,Aurora
15532,Zara
16816,Mia
16684,Penelope
14334,Hazel
16945,Ellie
14643,Violet
15197,Skylar
14220,Luna
13874,Kennedy
18260,Emilia
17848,Scarlett
17392,Addison
12348,Nora
14985,Lily
13004,Aurora
14560,Zara
12931,Mia
13627,Penelope
12551,Hazel
12782,Ellie
14769,Violet
15780,Skylar
12417,Luna
17315,Kennedy
16711,Emilia
12726,Scarlett
15204,Addison
17888,Nora
17007,Lily
15160,Aurora
14016,Zara
13033,Mia
12691,Penelope
13869,Hazel
14146,Ellie
12705,Violet
16885,Skylar
17913,Luna
12668,Kennedy
14472,Emilia
17358,Scarlett
16686,Addison
18245,Nora
17343,Lily
16153,Aurora
12377,Zephyr
14646,Luna